,,,,,,,,,,,,,,,,,,
1,If Sarah rides the bus then she will be early for her meeting.,If Sarah drives her car then she will be late for her meeting.,If Sarah is early to the meeting she will set up the audio/visual system and Mark won't give her a warning.,If Sarah is late to the meeting she will be given a warning by her manager and won't set up the audio/visual system.,Modal on different QUD,Modal on different QUD,"""Sarah said the audio visual system was not working when she was setting it up before the meeting. I don't know what went wrong, it looks like they may have updated the system.'""","""Sarah said the audio visual system was not working when she was setting it up before the meeting.'""",how certain are you that Sarah took the bus today?,how certain are you that Sarah took the car today?,In which situation is it more probable that Sarah will be early for her meeting?,In which situation is it more probable that Sarah will be late for her meeting?,Certain,Certainly not,Certain,Certainly not,Situation 1,Situation 2
2,If Sarah rides the bus then she will be early for her meeting.,If Sarah drives her car then she will be late for her meeting.,If Sarah is early to the meeting she will set up the audio/visual system and Mark won't give her a warning.,If Sarah is late to the meeting she will be given a warning by her manager and won't set up the audio/visual system.,Modal on different QUD,Modal on different QUD,"""Sarah said Mark, her manager, gave her harsh warning for her constant late arrivals. I don't know it didn't sound all that harsh from where I was sitting. '""","""Sarah said Mark gave her harsh warning for her constant late arrivals. '""",how certain are you that Sarah took the bus today?,how certain are you that Sarah took the car today?,In which situation is it more probable that Sarah will be early for her meeting?,In which situation is it more probable that Sarah will be late for her meeting?,Certainly not,Certain,Certainly not,Certain,Situation 1,Situation 2
3,If Sarah rides the bus then she will be early for her meeting.,If Sarah drives her car then she will be late for her meeting.,If Sarah is early to the meeting she will set up the audio/visual system and Mark won't give her a warning.,If Sarah is late to the meeting she will be given a warning by her manager and won't set up the audio/visual system.,Modal on different QUD,Modal on different QUD,"""Sarah said the audio visual system was not working when she was setting it up before the meeting. I don't know what went wrong, it looks like they may have updated the system.'""","""Sarah said the audio visual system was not working when she was setting it up before the meeting.'""",how certain are you that Sarah is early for her meeting?,how certain are you that Sarah is late for her meeting?,In which situation is it more probable that Sarah will be early for her meeting?,In which situation is it more probable that Sarah will be late for her meeting?,Certain,Certainly not,Certain,Certainly not,Situation 1,Situation 2
4,If Sarah rides the bus then she will be early for her meeting.,If Sarah drives her car then she will be late for her meeting.,If Sarah is early to the meeting she will set up the audio/visual system and Mark won't give her a warning.,If Sarah is late to the meeting she will be given a warning by her manager and won't set up the audio/visual system.,Modal on different QUD,Modal on different QUD,"""Sarah said Mark, her manager, gave her harsh warning for her constant late arrivals. I don't know it didn't sound all that harsh from where I was sitting. '""","""Sarah said Mark gave her harsh warning for her constant late arrivals. '""",how certain are you that Sarah is early for her meeting?,how certain are you that Sarah is late for her meeting?,In which situation is it more probable that Sarah will be early for her meeting?,In which situation is it more probable that Sarah will be late for her meeting?,Certainly not,Certain,Certainly not,Certain,Situation 1,Situation 2
5,If Sarah rides the bus then she will be early for her meeting.,If Sarah drives her car then she will be late for her meeting.,If Sarah is early to the meeting she will set up the audio/visual system and Mark won't give her a warning.,If Sarah is late to the meeting she will be given a warning by her manager and won't set up the audio/visual system.,Modal on different QUD,Modal on different QUD,"""Sarah said the audio visual system was not working when she was setting it up before the meeting. I don't know what went wrong, it looks like they may have updated the system.'""","""Sarah said the audio visual system was not working when she was setting it up before the meeting.'""",how certain are you that Sarah set up the audio/visual system?,how certain are you that Sarah was given a warning by her manager?,In which situation is it more probable that Sarah will be early for her meeting?,In which situation is it more probable that Sarah will be late for her meeting?,Certain,Certainly not,Certain,Certainly not,Situation 1,Situation 2
6,If Sarah rides the bus then she will be early for her meeting.,If Sarah drives her car then she will be late for her meeting.,If Sarah is early to the meeting she will set up the audio/visual system and Mark won't give her a warning.,If Sarah is late to the meeting she will be given a warning by her manager and won't set up the audio/visual system.,Modal on different QUD,Modal on different QUD,"""Sarah said Mark, her manager, gave her harsh warning for her constant late arrivals. I don't know it didn't sound all that harsh from where I was sitting. '""","""Sarah said Mark gave her harsh warning for her constant late arrivals. '""",how certain are you that Sarah set up the audio/visual system?,how certain are you that Sarah was given a warning by her manager?,In which situation is it more probable that Sarah will be early for her meeting?,In which situation is it more probable that Sarah will be late for her meeting?,Certainly not,Certain,Certainly not,Certain,Situation 1,Situation 2
,,,,,,,,,,,,,,,,,,
1,If Evan drinks coffee then he will not drink anything else and will not sleep in the afternoon.,If Evan drinks a hot chocolate he will not drink anything else and will sleep in the afternoon.,If Evan sleeps in the afternoon then he will be stay awake longer than 9 in the night.,If Evan does not sleep in the afternoon then he will not stay awake longer than 9 in the night.,Modal on different QUD,Modal on different QUD,"Evan said that the cappuccino he had tasted good and that it could have been the beans. But I don't agree, I thought it tasted bad.'",Evan said that the cappuccino he had tasted good.',how certain are you that Evan drank coffee today?,how certain are you that Evan drank hot chocolate today?,,,Certain,Certainly not,Certain,Certainly not,,
2,If Evan drinks coffee then he will not drink anything else and will not sleep in the afternoon.,If Evan drinks a hot chocolate he will not drink anything else and will sleep in the afternoon.,If Evan sleeps in the afternoon then he will be stay awake longer than 9 in the night.,If Evan does not sleep in the afternoon then he will not stay awake longer than 9 in the night.,Modal on different QUD,Modal on different QUD,"Evan said that the hot chocolate he had tasted good and that it could have been the brand. But I don't agree, I thought it tasted bad.'",Evan said that the hot chocolate he had tasted good.',how certain are you that Evan drank coffee today?,how certain are you that Evan drank hot chocolate today?,,,Certainly not,Certain,Certainly not,Certain,,
3,If Evan drinks coffee then he will not drink anything else and will not sleep in the afternoon.,If Evan drinks a hot chocolate he will not drink anything else and will sleep in the afternoon.,If Evan sleeps in the afternoon then he will be stay awake longer than 9 in the night.,If Evan does not sleep in the afternoon then he will not stay awake longer than 9 in the night.,Modal on different QUD,Modal on different QUD,"Evan said that the cappuccino he had tasted good and that it could have been the beans. But I don't agree, I thought it tasted bad.'",Evan said that the cappuccino he had tasted good.',how certain are you that Evan will not sleep in the afternoon?,how certain are you that Evan will sleep in the afternoon?,,,Certain,Certainly not,Certain,Certainly not,,
4,If Evan drinks coffee then he will not drink anything else and will not sleep in the afternoon.,If Evan drinks a hot chocolate he will not drink anything else and will sleep in the afternoon.,If Evan sleeps in the afternoon then he will be stay awake longer than 9 in the night.,If Evan does not sleep in the afternoon then he will not stay awake longer than 9 in the night.,Modal on different QUD,Modal on different QUD,"Evan said that the hot chocolate he had tasted good and that it could have been the brand. But I don't agree, I thought it tasted bad.'",Evan said that the hot chocolate he had tasted good.',how certain are you that Evan will sleep in the afternoon?,how certain are you that Evan will not sleep in the afternoon?,,,Certainly not,Certain,Certainly not,Certain,,
5,If Evan drinks coffee then he will not drink anything else and will not sleep in the afternoon.,If Evan drinks a hot chocolate he will not drink anything else and will sleep in the afternoon.,If Evan sleeps in the afternoon then he will be stay awake longer than 9 in the night.,If Evan does not sleep in the afternoon then he will not stay awake longer than 9 in the night.,Modal on different QUD,Modal on different QUD,"Evan said that the cappuccino he had tasted good and that it could have been the beans. But I don't agree, I thought it tasted bad.'",Evan said that the cappuccino he had tasted good.',how certain are you that Evan will stay awake beyond 9 pm?,how certain are you that Evan will not stay awake beyond 9 pm?,,,Certain,Certainly not,Certain,Certainly not,,
6,If Evan drinks coffee then he will not drink anything else and will not sleep in the afternoon.,If Evan drinks a hot chocolate he will not drink anything else and will sleep in the afternoon.,If Evan sleeps in the afternoon then he will be stay awake longer than 9 in the night.,If Evan does not sleep in the afternoon then he will not stay awake longer than 9 in the night.,Modal on different QUD,Modal on different QUD,"Evan said that the hot chocolate he had tasted good and that it could have been the brand. But I don't agree, I thought it tasted bad.'",Evan said that the hot chocolate he had tasted good.',how certain are you that Evan will not stay awake beyond 9 pm?,how certain are you that Evan will stay awake beyond 9 pm?,,,Certainly not,Certain,Certainly not,Certain,,
,,,,,,,,,,,,,,,,,,
1,If Evan gets a red card then he didn’t get a yellow card and he will be banned from the next match.,If Evan gets a yellow card then he didn’t get a red card and will not be banned from the next match.,"If Evan is not banned from the next match the Royals, his team, will win.","If Evan is banned from the next match the Royals, his team, will lose.",Modal on different QUD,Modal on different QUD,I thought the pundits would argue with each other on the post match show about the red card Evan had received during the game. But I was surprised that they didn't spend so much time on it.',The pundits argued with each other in the post match show about the red card Evan received during the game.',how certain are you that Evan got a red card?,how certain are you that Evan got a yellow card?,,,Certain,Certainly not,Certain,Certainly not,,
2,If Evan gets a red card then he didn’t get a yellow card and he will be banned from the next match.,If Evan gets a yellow card then he didn’t get a red card and will not be banned from the next match.,"If Evan is not banned from the next match the Royals, his team, will win.","If Evan is banned from the next match the Royals, his team, will lose.",Modal on different QUD,Modal on different QUD,I thought the pundits would argue with each other on the post match show about the yellow card Evan had received during the game. But I was surprised that they didn't spend so much time on it.',The pundits argued with each other in the post match show about the yellow card Evan received during the game.',how certain are you that Evan got a red card?,how certain are you that Evan got a yellow card?,,,Certain,Certainly not,Certain,Certainly not,,
3,If Evan gets a red card then he didn’t get a yellow card and he will be banned from the next match.,If Evan gets a yellow card then he didn’t get a red card and will not be banned from the next match.,"If Evan is not banned from the next match the Royals, his team, will win.","If Evan is banned from the next match the Royals, his team, will lose.",Modal on different QUD,Modal on different QUD,I thought the pundits would argue with each other on the post match show about the red card Evan had received during the game. But I was surprised that they didn't spend so much time on it.',The pundits argued with each other in the post match show about the red card Evan received during the game.',how certain are you that Evan will be banned from the next match?,how certain are you that Evan will not be banned from the next match?,,,Certain,Certainly not,Certain,Certainly not,,
4,If Evan gets a red card then he didn’t get a yellow card and he will be banned from the next match.,If Evan gets a yellow card then he didn’t get a red card and will not be banned from the next match.,"If Evan is not banned from the next match the Royals, his team, will win.","If Evan is banned from the next match the Royals, his team, will lose.",Modal on different QUD,Modal on different QUD,I thought the pundits would argue with each other on the post match show about the yellow card Evan had received during the game. But I was surprised that they didn't spend so much time on it.',The pundits argued with each other in the post match show about the yellow card Evan received during the game.',how certain are you that Evan will not be banned from the next match?,how certain are you that Evan will be banned from the next match?,,,Certain,Certainly not,Certain,Certainly not,,
5,If Evan gets a red card then he didn’t get a yellow card and he will be banned from the next match.,If Evan gets a yellow card then he didn’t get a red card and will not be banned from the next match.,"If Evan is not banned from the next match the Royals, his team, will win.","If Evan is banned from the next match the Royals, his team, will lose.",Modal on different QUD,Modal on different QUD,I thought the pundits would argue with each other on the post match show about the red card Evan had received during the game. But I was surprised that they didn't spend so much time on it.',The pundits argued with each other in the post match show about the red card Evan received during the game.',how certain are you that the Royals will win?,how certain are you that the Royals will not win?,,,Certain,Certainly not,Certain,Certainly not,,
6,If Evan gets a red card then he didn’t get a yellow card and he will be banned from the next match.,If Evan gets a yellow card then he didn’t get a red card and will not be banned from the next match.,"If Evan is not banned from the next match the Royals, his team, will win.","If Evan is banned from the next match the Royals, his team, will lose.",Modal on different QUD,Modal on different QUD,I thought the pundits would argue with each other on the post match show about the yellow card Evan had received during the game. But I was surprised that they didn't spend so much time on it.',The pundits argued with each other in the post match show about the yellow card Evan received during the game.',how certain are you that the Royals will not win?,how certain are you that the Royals will win?,,,Certain,Certainly not,Certain,Certainly not,,
,,,,,,,,,,,,,,,,,,
1,If Bill gets a raise he will buy a truck.,If Bill does not get a raise he’ll buy a bike.,If Bill buys a truck he and his family will drive in it to their holidays.,If he buys a bike he and his family will have to take the train to their holidays.,Modal on different QUD,Modal on different QUD,"""I may be a little upset that my raise is not has high as Bill’s. I was promised more.""",My raise is not has high as Bill's.,How certain are you that Bill got a raise?,How certain are you that Bill didn’t get a raise?,,,Certain,Certainly not,Certain,Certainly not,,
2,If Bill gets a raise he will buy a truck.,If Bill does not get a raise he’ll buy a bike.,If Bill buys a truck he and his family will drive in it to their holidays.,If he buys a bike he and his family will have to take the train to their holidays.,Modal on different QUD,Modal on different QUD,My raise is not has high as Bill's.,"""I may be a little upset that my raise is not has high as Bill’s. I was promised more.""",How certain are you that Bill got a raise?,How certain are you that Bill didn’t get a raise?,,,Certain,Certainly not,Certain,Certainly not,,
3,If Bill gets a raise he will buy a truck.,If Bill does not get a raise he’ll buy a bike.,If Bill buys a truck he and his family will drive in it to their holidays.,If he buys a bike he and his family will have to take the train to their holidays.,Modal on different QUD,Modal on different QUD,"""I may be a little upset that my raise is not has high as Bill’s. I was promised more.""",My raise is not has high as Bill's.,How certain are you that Bill bought a truck?,How certain are you that Bill bought a bike?,,,Certain,Certainly not,Certain,Certainly not,,
4,If Bill gets a raise he will buy a truck.,If Bill does not get a raise he’ll buy a bike.,If Bill buys a truck he and his family will drive in it to their holidays.,If he buys a bike he and his family will have to take the train to their holidays.,Modal on different QUD,Modal on different QUD,My raise is not has high as Bill's.,"""I may be a little upset that my raise is not has high as Bill’s. I was promised more.""",How certain are you that Bill bought a truck?,How certain are you that Bill bought a bike?,,,Certain,Certainly not,Certain,Certainly not,,
5,If Bill gets a raise he will buy a truck.,If Bill does not get a raise he’ll buy a bike.,If Bill buys a truck he and his family will drive in it to their holidays.,If he buys a bike he and his family will have to take the train to their holidays.,Modal on different QUD,Modal on different QUD,"""I may be a little upset that my raise is not has high as Bill’s. I was promised more.""",My raise is not has high as Bill's.,How certain are you that Bill drove to his holidays?,How certain are you that Bill took the train to his holiday destination?,,,Certain,Certainly not,Certain,Certainly not,,
6,If Bill gets a raise he will buy a truck.,If Bill does not get a raise he’ll buy a bike.,If Bill buys a truck he and his family will drive in it to their holidays.,If he buys a bike he and his family will have to take the train to their holidays.,Modal on different QUD,Modal on different QUD,My raise is not has high as Bill's.,"""I may be a little upset that my raise is not has high as Bill’s. I was promised more.""",How certain are you that Bill drove to his holidays?,How certain are you that Bill took the train to his holiday destination?,,,Certain,Certainly not,Certain,Certainly not,,
,,,,,,,,,,,,,,,,,,
1,If John is sick today he will skip school.,If John is well today he will go to school.,If John skips school he will miss his exam.,If he goes to school he will write his exam.,Modal on different QUD,Modal on different QUD,"""John should really take some medicines for his fever. He keeps refusing and I don’t know why. It's not going to go away if he doesn't take any.""",John's fever will not go away if he doesn't take any medicine.,How certain are you that John is sick today?,How certain are you that John is well today?,,,Certain,Certainly not,Certain,Certainly not,,
2,If John is sick today he will skip school.,If John is well today he will go to school.,If John skips school he will miss his exam.,If he goes to school he will write his exam.,Modal on different QUD,Modal on different QUD,John's fever will not go away if he doesn't take any medicine.,"""John should really take some medicines for his fever. He keeps refusing and I don’t know why. It's not going to go away if he doesn't take any.""",How certain are you that John is sick today?,How certain are you that John is well today?,,,Certain,Certainly not,Certain,Certainly not,,
3,If John is sick today he will skip school.,If John is well today he will go to school.,If John skips school he will miss his exam.,If he goes to school he will write his exam.,Modal on different QUD,Modal on different QUD,"""John should really take some medicines for his fever. He keeps refusing and I don’t know why. It's not going to go away if he doesn't take any.""",John's fever will not go away if he doesn't take any medicine.,How certain are you that that John skipped school?,How certain are you that John went to School?,,,Certain,Certainly not,Certain,Certainly not,,
4,If John is sick today he will skip school.,If John is well today he will go to school.,If John skips school he will miss his exam.,If he goes to school he will write his exam.,Modal on different QUD,Modal on different QUD,John's fever will not go away if he doesn't take any medicine.,"""John should really take some medicines for his fever. He keeps refusing and I don’t know why. It's not going to go away if he doesn't take any.""",How certain are you that that John skipped school?,How certain are you that John went to School?,,,Certain,Certainly not,Certain,Certainly not,,
5,If John is sick today he will skip school.,If John is well today he will go to school.,If John skips school he will miss his exam.,If he goes to school he will write his exam.,Modal on different QUD,Modal on different QUD,"""John should really take some medicines for his fever. He keeps refusing and I don’t know why. It's not going to go away if he doesn't take any.""",John's fever will not go away if he doesn't take any medicine.,How certain are you that John missed his exam,How certain are you that John wrote his exam today?,,,Certain,Certainly not,Certain,Certainly not,,
6,If John is sick today he will skip school.,If John is well today he will go to school.,If John skips school he will miss his exam.,If he goes to school he will write his exam.,Modal on different QUD,Modal on different QUD,John's fever will not go away if he doesn't take any medicine.,"""John should really take some medicines for his fever. He keeps refusing and I don’t know why. It's not going to go away if he doesn't take any.""",How certain are you that John missed his exam,How certain are you that John wrote his exam today?,,,Certain,Certainly not,Certain,Certainly not,,
,,,,,,,,,,,,,,,,,,
1,If Laura drinks cow milk she will be uncomfortable afterwards for her interview.,If Laura drinks Soy milk she will be perfectly fine for her interview.,If Laura is uncomfortable at her interview she will perform badly.,If Laura is not made uncomfortable she will perform well at the interview.,Modal on different QUD,Modal on different QUD,"""Laura said that that the cow milk in her tea made it taste different from tea made from soy milk. I am not sure, I thought it tasted exactly the same.""",Laura said that that the cow milk in her tea made it taste different from tea made from soy milk.,How certain are you that Laura drank cow milk?,How certain are you that Laura drank soy milk?,,,Certain,Certainly not,Certain,Certainly not,,
2,If Laura drinks cow milk she will be uncomfortable afterwards for her interview.,If Laura drinks Soy milk she will be perfectly fine for her interview.,If Laura is uncomfortable at her interview she will perform badly.,If Laura is not made uncomfortable she will perform well at the interview.,Modal on different QUD,Modal on different QUD,Laura said that that the cow milk in her tea made it taste different from tea made from soy milk.,"""Laura said that that the cow milk in her tea made it taste different from tea made from soy milk. I am not sure, I thought it tasted exactly the same.""",How certain are you that Laura drank cow milk?,How certain are you that Laura drank soy milk?,,,Certain,Certainly not,Certain,Certainly not,,
3,If Laura drinks cow milk she will be uncomfortable afterwards for her interview.,If Laura drinks Soy milk she will be perfectly fine for her interview.,If Laura is uncomfortable at her interview she will perform badly.,If Laura is not made uncomfortable she will perform well at the interview.,Modal on different QUD,Modal on different QUD,"""Laura said that that the cow milk in her tea made it taste different from tea made from soy milk. I am not sure, I thought it tasted exactly the same.""",Laura said that that the cow milk in her tea made it taste different from tea made from soy milk.,How certain are you that Laura felt uncomfortable?,How certain are you that Laura is not uncomfortable?,,,Certain,Certainly not,Certain,Certainly not,,
4,If Laura drinks cow milk she will be uncomfortable afterwards for her interview.,If Laura drinks Soy milk she will be perfectly fine for her interview.,If Laura is uncomfortable at her interview she will perform badly.,If Laura is not made uncomfortable she will perform well at the interview.,Modal on different QUD,Modal on different QUD,Laura said that that the cow milk in her tea made it taste different from tea made from soy milk.,"""Laura said that that the cow milk in her tea made it taste different from tea made from soy milk. I am not sure, I thought it tasted exactly the same.""",How certain are you that Laura felt uncomfortable?,How certain are you that Laura is not uncomfortable?,,,Certain,Certainly not,Certain,Certainly not,,
5,If Laura drinks cow milk she will be uncomfortable afterwards for her interview.,If Laura drinks Soy milk she will be perfectly fine for her interview.,If Laura is uncomfortable at her interview she will perform badly.,If Laura is not made uncomfortable she will perform well at the interview.,Modal on different QUD,Modal on different QUD,"""Laura said that that the cow milk in her tea made it taste different from tea made from soy milk. I am not sure, I thought it tasted exactly the same.""",Laura said that that the cow milk in her tea made it taste different from tea made from soy milk.,How certain are you that Laura will perform badly at her interview?,How certain are you that Laura will perform well at her interview?,,,Certain,Certainly not,Certain,Certainly not,,
6,If Laura drinks cow milk she will be uncomfortable afterwards for her interview.,If Laura drinks Soy milk she will be perfectly fine for her interview.,If Laura is uncomfortable at her interview she will perform badly.,If Laura is not made uncomfortable she will perform well at the interview.,Modal on different QUD,Modal on different QUD,Laura said that that the cow milk in her tea made it taste different from tea made from soy milk.,"""Laura said that that the cow milk in her tea made it taste different from tea made from soy milk. I am not sure, I thought it tasted exactly the same.""",How certain are you that Laura will perform badly at her interview?,How certain are you that Laura will perform well at her interview?,,,Certain,Certainly not,Certain,Certainly not,,
,,,,,,,,,,,,,,,,,,
1,If John graduates with honours he will get into Princeton.,If John graduates without honours he will get into Duke.,If John goes to Princeton he’ll be following his father’s footsteps.,If John goes to Duke he’ll be following his mother’s footsteps.,Modal on different QUD,Modal on different QUD,"""I think John's parents bought him a new watch because he graduated with honours today. At least, I think it was a watch, it could have been the new road bike that he had wanted.""",John's parents bought him a new watch because he graduated with honours today.,How certain are you that John graduated with honours?,How certain are you that John graduated without honours?,,,Certain,Certainly not,Certain,Certainly not,,
2,If John graduates with honours he will get into Princeton.,If John graduates without honours he will get into Duke.,If John goes to Princeton he’ll be following his father’s footsteps.,If John goes to Duke he’ll be following his mother’s footsteps.,Modal on different QUD,Modal on different QUD,John's parents bought him a new watch because he graduated with honours today.,"""I think John's parents bought him a new watch because he graduated with honours today. At least, I think it was a watch, it could have been the new road bike that he had wanted.""",How certain are you that John graduated with honours?,How certain are you that John graduated without honours?,,,Certain,Certainly not,Certain,Certainly not,,
3,If John graduates with honours he will get into Princeton.,If John graduates without honours he will get into Duke.,If John goes to Princeton he’ll be following his father’s footsteps.,If John goes to Duke he’ll be following his mother’s footsteps.,Modal on different QUD,Modal on different QUD,"""I think John's parents bought him a new watch because he graduated with honours today. At least, I think it was a watch, it could have been the new road bike that he had wanted.""",John's parents bought him a new watch because he graduated with honours today.,How certain are you that John will go to Princeton?,How certain are you that John will go to Duke?,,,Certain,Certainly not,Certain,Certainly not,,
4,If John graduates with honours he will get into Princeton.,If John graduates without honours he will get into Duke.,If John goes to Princeton he’ll be following his father’s footsteps.,If John goes to Duke he’ll be following his mother’s footsteps.,Modal on different QUD,Modal on different QUD,John's parents bought him a new watch because he graduated with honours today.,"""I think John's parents bought him a new watch because he graduated with honours today. At least, I think it was a watch, it could have been the new road bike that he had wanted.""",How certain are you that John will go to Princeton?,How certain are you that John will go to Duke?,,,Certain,Certainly not,Certain,Certainly not,,
5,If John graduates with honours he will get into Princeton.,If John graduates without honours he will get into Duke.,If John goes to Princeton he’ll be following his father’s footsteps.,If John goes to Duke he’ll be following his mother’s footsteps.,Modal on different QUD,Modal on different QUD,"""I think John's parents bought him a new watch because he graduated with honours today. At least, I think it was a watch, it could have been the new road bike that he had wanted.""",John's parents bought him a new watch because he graduated with honours today.,How certain are you that John will follow his father’s footsteps?,How certain are you that John will follow his mother’s footsteps?,,,Certain,Certainly not,Certain,Certainly not,,
6,If John graduates with honours he will get into Princeton.,If John graduates without honours he will get into Duke.,If John goes to Princeton he’ll be following his father’s footsteps.,If John goes to Duke he’ll be following his mother’s footsteps.,Modal on different QUD,Modal on different QUD,John's parents bought him a new watch because he graduated with honours today.,"""I think John's parents bought him a new watch because he graduated with honours today. At least, I think it was a watch, it could have been the new road bike that he had wanted.""",How certain are you that John will follow his father’s footsteps?,How certain are you that John will follow his mother’s footsteps?,,,Certain,Certainly not,Certain,Certainly not,,
,,,,,,,,,,,,,,,,,,
1,The weather is such that if Anna wears a T-shirt she will be cold.,The weather is such that if Anna wears a sweater she will be too warm.,If Anna is cold she may catch a cold.,If Anna is warm then she’ll sweat and be uncomfortable.,Modal on different QUD,Modal on different QUD,"""Is that the Rolling Stones logo on Anna's T-Shirt, or is it Bon Jovi's?""",That is the Rolling Stones logo on Anna's T-Shirt.,How certain are you that Anna is wearing a T-shirt?,How certain are you that Anna is wearing a sweater?,,,Certain,Certainly not,Certain,Certainly not,,
2,The weather is such that if Anna wears a T-shirt she will be cold.,The weather is such that if Anna wears a sweater she will be too warm.,If Anna is cold she may catch a cold.,If Anna is warm then she’ll sweat and be uncomfortable.,Modal on different QUD,Modal on different QUD,That is the Rolling Stones logo on Anna's T-Shirt.,"""Is that the Rolling Stones logo on Anna's T-Shirt, or is it Bon Jovi's?""",How certain are you that Anna is wearing a T-shirt?,How certain are you that Anna is wearing a sweater?,,,Certain,Certainly not,Certain,Certainly not,,
3,The weather is such that if Anna wears a T-shirt she will be cold.,The weather is such that if Anna wears a sweater she will be too warm.,If Anna is cold she may catch a cold.,If Anna is warm then she’ll sweat and be uncomfortable.,Modal on different QUD,Modal on different QUD,"""Is that the Rolling Stones logo on Anna's T-Shirt, or is it Bon Jovi's?""",That is the Rolling Stones logo on Anna's T-Shirt.,How certain are you that Anna is feeling cold?,How certain are you that Anna is feeling warm?,,,Certain,Certainly not,Certain,Certainly not,,
4,The weather is such that if Anna wears a T-shirt she will be cold.,The weather is such that if Anna wears a sweater she will be too warm.,If Anna is cold she may catch a cold.,If Anna is warm then she’ll sweat and be uncomfortable.,Modal on different QUD,Modal on different QUD,That is the Rolling Stones logo on Anna's T-Shirt.,"""Is that the Rolling Stones logo on Anna's T-Shirt, or is it Bon Jovi's?""",How certain are you that Anna is feeling cold?,How certain are you that Anna is feeling warm?,,,Certain,Certainly not,Certain,Certainly not,,
5,The weather is such that if Anna wears a T-shirt she will be cold.,The weather is such that if Anna wears a sweater she will be too warm.,If Anna is cold she may catch a cold.,If Anna is warm then she’ll sweat and be uncomfortable.,Modal on different QUD,Modal on different QUD,"""Is that the Rolling Stones logo on Anna's T-Shirt, or is it Bon Jovi's?""",That is the Rolling Stones logo on Anna's T-Shirt.,How certain are you that Anna will catch a cold?,How certain are you that Anna will sweat?,,,Certain,Certainly not,Certain,Certainly not,,
6,The weather is such that if Anna wears a T-shirt she will be cold.,The weather is such that if Anna wears a sweater she will be too warm.,If Anna is cold she may catch a cold.,If Anna is warm then she’ll sweat and be uncomfortable.,Modal on different QUD,Modal on different QUD,That is the Rolling Stones logo on Anna's T-Shirt.,"""Is that the Rolling Stones logo on Anna's T-Shirt, or is it Bon Jovi's?""",How certain are you that Anna will catch a cold?,How certain are you that Anna will sweat?,,,Certain,Certainly not,Certain,Certainly not,,
,,,,,,,,,,,,,,,,,,
1,If the root of Sally’s tooth is damaged she will need a root canal treatment.,If the root of Sally’s tooth is not damaged then she can just get just a filling.,"If Sally has to get a root canal treatment, she has to visit the dentist every week for four weeks.",If Sally gets just a filling then the dentist will fill it immediately and she doesn’t have to return anytime soon.,Modal on different QUD,Modal on different QUD,The dentist tried to show Sally how the X-Ray confirmed that the root of Sally's tooth was damaged. But Sally may not have been able to pay attention probably because the pain was too great.,The dentist showed Sally how the X-Ray confirmed that the root of Sally's tooth was damaged.,How certain are you that Sally’s root canal is damaged?,How certain are you that Sally’s root canal is not damaged?,,,Certain,Certainly not,Certain,Certainly not,,
2,If the root of Sally’s tooth is damaged she will need a root canal treatment.,If the root of Sally’s tooth is not damaged then she can just get just a filling.,"If Sally has to get a root canal treatment, she has to visit the dentist every week for four weeks.",If Sally gets just a filling then the dentist will fill it immediately and she doesn’t have to return anytime soon.,Modal on different QUD,Modal on different QUD,The dentist showed Sally how the X-Ray confirmed that the root of Sally's tooth was damaged.,The dentist tried to show Sally how the X-Ray confirmed that the root of Sally's tooth was damaged. But Sally may not have been able to pay attention probably because the pain was too great.,How certain are you that Sally’s root canal is damaged?,How certain are you that Sally’s root canal is not damaged?,,,Certain,Certainly not,Certain,Certainly not,,
3,If the root of Sally’s tooth is damaged she will need a root canal treatment.,If the root of Sally’s tooth is not damaged then she can just get just a filling.,"If Sally has to get a root canal treatment, she has to visit the dentist every week for four weeks.",If Sally gets just a filling then the dentist will fill it immediately and she doesn’t have to return anytime soon.,Modal on different QUD,Modal on different QUD,The dentist tried to show Sally how the X-Ray confirmed that the root of Sally's tooth was damaged. But Sally may not have been able to pay attention probably because the pain was too great.,The dentist showed Sally how the X-Ray confirmed that the root of Sally's tooth was damaged.,How certain are you that Sally needs a root canal treatment?,How certain are you that Sally needs just filling?,,,Certain,Certainly not,Certain,Certainly not,,
4,If the root of Sally’s tooth is damaged she will need a root canal treatment.,If the root of Sally’s tooth is not damaged then she can just get just a filling.,"If Sally has to get a root canal treatment, she has to visit the dentist every week for four weeks.",If Sally gets just a filling then the dentist will fill it immediately and she doesn’t have to return anytime soon.,Modal on different QUD,Modal on different QUD,The dentist showed Sally how the X-Ray confirmed that the root of Sally's tooth was damaged.,The dentist tried to show Sally how the X-Ray confirmed that the root of Sally's tooth was damaged. But Sally may not have been able to pay attention probably because the pain was too great.,How certain are you that Sally needs a root canal treatment?,How certain are you that Sally needs just filling?,,,Certain,Certainly not,Certain,Certainly not,,
5,If the root of Sally’s tooth is damaged she will need a root canal treatment.,If the root of Sally’s tooth is not damaged then she can just get just a filling.,"If Sally has to get a root canal treatment, she has to visit the dentist every week for four weeks.",If Sally gets just a filling then the dentist will fill it immediately and she doesn’t have to return anytime soon.,Modal on different QUD,Modal on different QUD,The dentist tried to show Sally how the X-Ray confirmed that the root of Sally's tooth was damaged. But Sally may not have been able to pay attention probably because the pain was too great.,The dentist showed Sally how the X-Ray confirmed that the root of Sally's tooth was damaged.,How certain are you that Sally has to return to the dentist every week?,How certain are you that Sally doesn’t have to return to the dentist any time soon?,,,Certain,Certainly not,Certain,Certainly not,,
6,If the root of Sally’s tooth is damaged she will need a root canal treatment.,If the root of Sally’s tooth is not damaged then she can just get just a filling.,"If Sally has to get a root canal treatment, she has to visit the dentist every week for four weeks.",If Sally gets just a filling then the dentist will fill it immediately and she doesn’t have to return anytime soon.,Modal on different QUD,Modal on different QUD,The dentist showed Sally how the X-Ray confirmed that the root of Sally's tooth was damaged.,The dentist tried to show Sally how the X-Ray confirmed that the root of Sally's tooth was damaged. But Sally may not have been able to pay attention probably because the pain was too great.,How certain are you that Sally has to return to the dentist every week?,How certain are you that Sally doesn’t have to return to the dentist any time soon?,,,Certain,Certainly not,Certain,Certainly not,,
,,,,,,,,,,,,,,,,,,
1,If Francis takes the train to London he will reach the next day morning.,"If Francis takes the flight to London, he will reach in the afternoon.","If Francis reaches London the next day morning, he can save money on one night’s hotel rent.",If Francis reaches in the afternoon he will have to stay an extra night in a hotel in London.,Modal on different QUD,Modal on different QUD,I am not sure if Francis' is in the first class or second class train cars. If he is in the first class car we may need to walk up the platform a bit.,We have to walk up the platform to meet Francis at the first class train car.,How certain are you that Francis took the train to London?,How certain are you that Francis took the flight to London?,,,Certain,Certainly not,Certain,Certainly not,,
2,If Francis takes the train to London he will reach the next day morning.,"If Francis takes the flight to London, he will reach in the afternoon.","If Francis reaches London the next day morning, he can save money on one night’s hotel rent.",If Francis reaches in the afternoon he will have to stay an extra night in a hotel in London.,Modal on different QUD,Modal on different QUD,We have to walk up the platform to meet Francis at the first class train car.,I am not sure if Francis' is in the first class or second class train cars. If he is in the first class car we may need to walk up the platform a bit.,How certain are you that Francis took the train to London?,How certain are you that Francis took the flight to London?,,,Certain,Certainly not,Certain,Certainly not,,
3,If Francis takes the train to London he will reach the next day morning.,"If Francis takes the flight to London, he will reach in the afternoon.","If Francis reaches London the next day morning, he can save money on one night’s hotel rent.",If Francis reaches in the afternoon he will have to stay an extra night in a hotel in London.,Modal on different QUD,Modal on different QUD,I am not sure if Francis' is in the first class or second class train cars. If he is in the first class car we may need to walk up the platform a bit.,We have to walk up the platform to meet Francis at the first class train car.,How certain are you that Francis reached London the next day morning?,How certain are you that Francis reached the London that night?,,,Certain,Certainly not,Certain,Certainly not,,
4,If Francis takes the train to London he will reach the next day morning.,"If Francis takes the flight to London, he will reach in the afternoon.","If Francis reaches London the next day morning, he can save money on one night’s hotel rent.",If Francis reaches in the afternoon he will have to stay an extra night in a hotel in London.,Modal on different QUD,Modal on different QUD,We have to walk up the platform to meet Francis at the first class train car.,I am not sure if Francis' is in the first class or second class train cars. If he is in the first class car we may need to walk up the platform a bit.,How certain are you that Francis reached London the next day morning?,How certain are you that Francis reached the London that night?,,,Certain,Certainly not,Certain,Certainly not,,
5,If Francis takes the train to London he will reach the next day morning.,"If Francis takes the flight to London, he will reach in the afternoon.","If Francis reaches London the next day morning, he can save money on one night’s hotel rent.",If Francis reaches in the afternoon he will have to stay an extra night in a hotel in London.,Modal on different QUD,Modal on different QUD,I am not sure if Francis' is in the first class or second class train cars. If he is in the first class car we may need to walk up the platform a bit.,We have to walk up the platform to meet Francis at the first class train car.,How certain are you that Francis didn’t stay and extra night in the hotel?,How certain are you that Francis stayed an extra night in the hotel?,,,Certain,Certainly not,Certain,Certainly not,,
6,If Francis takes the train to London he will reach the next day morning.,"If Francis takes the flight to London, he will reach in the afternoon.","If Francis reaches London the next day morning, he can save money on one night’s hotel rent.",If Francis reaches in the afternoon he will have to stay an extra night in a hotel in London.,Modal on different QUD,Modal on different QUD,We have to walk up the platform to meet Francis at the first class train car.,I am not sure if Francis' is in the first class or second class train cars. If he is in the first class car we may need to walk up the platform a bit.,How certain are you that Francis didn’t stay and extra night in the hotel?,How certain are you that Francis stayed an extra night in the hotel?,,,Certain,Certainly not,Certain,Certainly not,,
,,,,,,,,,,,,,,,,,,
1,If the judge rules in favour of the protesters they will be allowed to protest today and will surely go ahead with their protest today.,"If the judge rules against the protesters, the police will be deployed to block any protest and the protestors there will be no protest today.","If the protestors put on a protest today, then the whole of High street will be shut at 11 for an hour.",If the protestors don’t protest then then traffic will flow on high street today.,Modal on different QUD,Modal on different QUD,"Dave thinks the judge is leftist for ruling in favour of the protestors. I don't quite agree with him though, his other rulings seem to be very conservative.",The judge is leftist for ruling in favour of the protestors.,How certain are you that the judge ruled in favour of the protestors?,How certain are you that the judge ruled against the protestors?,,,Certain,Certainly not,Certain,Certainly not,,
2,If the judge rules in favour of the protesters they will be allowed to protest today and will surely go ahead with their protest today.,"If the judge rules against the protesters, the police will be deployed to block any protest and the protestors there will be no protest today.","If the protestors put on a protest today, then the whole of High street will be shut at 11 for an hour.",If the protestors don’t protest then then traffic will flow on high street today.,Modal on different QUD,Modal on different QUD,The judge is leftist for ruling in favour of the protestors.,"Dave thinks the judge is leftist for ruling in favour of the protestors. I don't quite agree with him though, his other rulings seem to be very conservative.",How certain are you that the judge ruled in favour of the protestors?,How certain are you that the judge ruled against the protestors?,,,Certain,Certainly not,Certain,Certainly not,,
3,If the judge rules in favour of the protesters they will be allowed to protest today and will surely go ahead with their protest today.,"If the judge rules against the protesters, the police will be deployed to block any protest and the protestors there will be no protest today.","If the protestors put on a protest today, then the whole of High street will be shut at 11 for an hour.",If the protestors don’t protest then then traffic will flow on high street today.,Modal on different QUD,Modal on different QUD,"Dave thinks the judge is leftist for ruling in favour of the protestors. I don't quite agree with him though, his other rulings seem to be very conservative.",The judge is leftist for ruling in favour of the protestors.,How certain are you that protestors put on a protest today?,How certain are you that the protestors didn’t put on a protest today?,,,Certain,Certainly not,Certain,Certainly not,,
4,If the judge rules in favour of the protesters they will be allowed to protest today and will surely go ahead with their protest today.,"If the judge rules against the protesters, the police will be deployed to block any protest and the protestors there will be no protest today.","If the protestors put on a protest today, then the whole of High street will be shut at 11 for an hour.",If the protestors don’t protest then then traffic will flow on high street today.,Modal on different QUD,Modal on different QUD,The judge is leftist for ruling in favour of the protestors.,"Dave thinks the judge is leftist for ruling in favour of the protestors. I don't quite agree with him though, his other rulings seem to be very conservative.",How certain are you that protestors put on a protest today?,How certain are you that the protestors didn’t put on a protest today?,,,Certain,Certainly not,Certain,Certainly not,,
5,If the judge rules in favour of the protesters they will be allowed to protest today and will surely go ahead with their protest today.,"If the judge rules against the protesters, the police will be deployed to block any protest and the protestors there will be no protest today.","If the protestors put on a protest today, then the whole of High street will be shut at 11 for an hour.",If the protestors don’t protest then then traffic will flow on high street today.,Modal on different QUD,Modal on different QUD,"Dave thinks the judge is leftist for ruling in favour of the protestors. I don't quite agree with him though, his other rulings seem to be very conservative.",The judge is leftist for ruling in favour of the protestors.,How certain are you that high street will be blocked today?,How certain are you that high street will not be blocked today?,,,Certain,Certainly not,Certain,Certainly not,,
6,If the judge rules in favour of the protesters they will be allowed to protest today and will surely go ahead with their protest today.,"If the judge rules against the protesters, the police will be deployed to block any protest and the protestors there will be no protest today.","If the protestors put on a protest today, then the whole of High street will be shut at 11 for an hour.",If the protestors don’t protest then then traffic will flow on high street today.,Modal on different QUD,Modal on different QUD,The judge is leftist for ruling in favour of the protestors.,"Dave thinks the judge is leftist for ruling in favour of the protestors. I don't quite agree with him though, his other rulings seem to be very conservative.",How certain are you that high street will be blocked today?,How certain are you that high street will not be blocked today?,,,Certain,Certainly not,Certain,Certainly not,,
,,,,,,,,,,,,,,,,,,
1,"If the flight is from terminal 1, Bob will make it to his flight in time.","If the flight is from terminal 2, Bob will not make it to his flight in time.",If Bob makes his flight he will make it time for Christmas dinner at his grandmother’s.,"If Bob misses his flight he will only reach the next day, missing Christmas dinner at his grandmother’s.",Modal on different QUD,Modal on different QUD,"If I remember correctly, they have a nice cafe outside Terminal 1. I am looking forward to a nice cup of coffee when we drop Bob off at the terminal.",We'll have a cup of coffee when we drop Bob of at terminal 1.,How certain are you that Bob’s flight is from terminal 1?,How certain are you that Bob’s flight is from terminal 2?,,,Certain,Certainly not,Certain,Certainly not,,
2,"If the flight is from terminal 1, Bob will make it to his flight in time.","If the flight is from terminal 2, Bob will not make it to his flight in time.",If Bob makes his flight he will make it time for Christmas dinner at his grandmother’s.,"If Bob misses his flight he will only reach the next day, missing Christmas dinner at his grandmother’s.",Modal on different QUD,Modal on different QUD,We'll have a cup of coffee when we drop Bob of at terminal 1.,"If I remember correctly, they have a nice cafe outside Terminal 1. I am looking forward to a nice cup of coffee when we drop Bob off at the terminal.",How certain are you that Bob’s flight is from terminal 1?,How certain are you that Bob’s flight is from terminal 2?,,,Certain,Certainly not,Certain,Certainly not,,
3,"If the flight is from terminal 1, Bob will make it to his flight in time.","If the flight is from terminal 2, Bob will not make it to his flight in time.",If Bob makes his flight he will make it time for Christmas dinner at his grandmother’s.,"If Bob misses his flight he will only reach the next day, missing Christmas dinner at his grandmother’s.",Modal on different QUD,Modal on different QUD,"If I remember correctly, they have a nice cafe outside Terminal 1. I am looking forward to a nice cup of coffee when we drop Bob off at the terminal.",We'll have a cup of coffee when we drop Bob of at terminal 1.,How certain are you that Bob will make his flight?,How certain are you that Bob will miss his flight?,,,Certain,Certainly not,Certain,Certainly not,,
4,"If the flight is from terminal 1, Bob will make it to his flight in time.","If the flight is from terminal 2, Bob will not make it to his flight in time.",If Bob makes his flight he will make it time for Christmas dinner at his grandmother’s.,"If Bob misses his flight he will only reach the next day, missing Christmas dinner at his grandmother’s.",Modal on different QUD,Modal on different QUD,We'll have a cup of coffee when we drop Bob of at terminal 1.,"If I remember correctly, they have a nice cafe outside Terminal 1. I am looking forward to a nice cup of coffee when we drop Bob off at the terminal.",How certain are you that Bob will make his flight?,How certain are you that Bob will miss his flight?,,,Certain,Certainly not,Certain,Certainly not,,
5,"If the flight is from terminal 1, Bob will make it to his flight in time.","If the flight is from terminal 2, Bob will not make it to his flight in time.",If Bob makes his flight he will make it time for Christmas dinner at his grandmother’s.,"If Bob misses his flight he will only reach the next day, missing Christmas dinner at his grandmother’s.",Modal on different QUD,Modal on different QUD,"If I remember correctly, they have a nice cafe outside Terminal 1. I am looking forward to a nice cup of coffee when we drop Bob off at the terminal.",We'll have a cup of coffee when we drop Bob of at terminal 1.,How certain are you that Bob will make it to his grandmother’s Christmas dinner?,How certain are you that Bob will miss his grandmother’s Christmas dinner?,,,Certain,Certainly not,Certain,Certainly not,,
6,"If the flight is from terminal 1, Bob will make it to his flight in time.","If the flight is from terminal 2, Bob will not make it to his flight in time.",If Bob makes his flight he will make it time for Christmas dinner at his grandmother’s.,"If Bob misses his flight he will only reach the next day, missing Christmas dinner at his grandmother’s.",Modal on different QUD,Modal on different QUD,We'll have a cup of coffee when we drop Bob of at terminal 1.,"If I remember correctly, they have a nice cafe outside Terminal 1. I am looking forward to a nice cup of coffee when we drop Bob off at the terminal.",How certain are you that Bob will make it to his grandmother’s Christmas dinner?,How certain are you that Bob will miss his grandmother’s Christmas dinner?,,,Certain,Certainly not,Certain,Certainly not,,
,,,,,,,,,,,,,,,,,,
1,If Alice retires from competitive sport now she will take up a science degree at a university and start her career in the sciences.,If Alice doesn’t retire from competitive sport now she will play for the Olympics.,"If Alice takes up university degree now, she will get a prestigious Commonwealth scholarship.","If Alice plays in the Olympics, she win at least a bronze.",Modal on different QUD,Modal on different QUD,I wonder if they can fill the gap created by Alice's retirement last month from their junior ranks. It may be hard.,They filled the gap created by Alice's retirement last month from their junior ranks.,How certain are you that Alice retired from competitive sport?,How certain are you that Alice will continue competitive sport and not retire?,,,Certain,Certainly not,Certain,Certainly not,,
2,If Alice retires from competitive sport now she will take up a science degree at a university and start her career in the sciences.,If Alice doesn’t retire from competitive sport now she will play for the Olympics.,"If Alice takes up university degree now, she will get a prestigious Commonwealth scholarship.","If Alice plays in the Olympics, she win at least a bronze.",Modal on different QUD,Modal on different QUD,They filled the gap created by Alice's retirement last month from their junior ranks.,I wonder if they can fill the gap created by Alice's retirement last month from their junior ranks. It may be hard.,How certain are you that Alice retired from competitive sport?,How certain are you that Alice will continue competitive sport and not retire?,,,Certain,Certainly not,Certain,Certainly not,,
3,If Alice retires from competitive sport now she will take up a science degree at a university and start her career in the sciences.,If Alice doesn’t retire from competitive sport now she will play for the Olympics.,"If Alice takes up university degree now, she will get a prestigious Commonwealth scholarship.","If Alice plays in the Olympics, she win at least a bronze.",Modal on different QUD,Modal on different QUD,I wonder if they can fill the gap created by Alice's retirement last month from their junior ranks. It may be hard.,They filled the gap created by Alice's retirement last month from their junior ranks.,How certain are you that Alice will take up a university degree?,How certain are you that Alice will take part in the Olympics?,,,Certain,Certainly not,Certain,Certainly not,,
4,If Alice retires from competitive sport now she will take up a science degree at a university and start her career in the sciences.,If Alice doesn’t retire from competitive sport now she will play for the Olympics.,"If Alice takes up university degree now, she will get a prestigious Commonwealth scholarship.","If Alice plays in the Olympics, she win at least a bronze.",Modal on different QUD,Modal on different QUD,They filled the gap created by Alice's retirement last month from their junior ranks.,I wonder if they can fill the gap created by Alice's retirement last month from their junior ranks. It may be hard.,How certain are you that Alice will take up a university degree?,How certain are you that Alice will take part in the Olympics?,,,Certain,Certainly not,Certain,Certainly not,,
5,If Alice retires from competitive sport now she will take up a science degree at a university and start her career in the sciences.,If Alice doesn’t retire from competitive sport now she will play for the Olympics.,"If Alice takes up university degree now, she will get a prestigious Commonwealth scholarship.","If Alice plays in the Olympics, she win at least a bronze.",Modal on different QUD,Modal on different QUD,I wonder if they can fill the gap created by Alice's retirement last month from their junior ranks. It may be hard.,They filled the gap created by Alice's retirement last month from their junior ranks.,How certain are you that Alice will win the prestigious Commonwealth scholarship?,How certain are you that Alice will win at least a bronze at the Olympics?,,,Certain,Certainly not,Certain,Certainly not,,
6,If Alice retires from competitive sport now she will take up a science degree at a university and start her career in the sciences.,If Alice doesn’t retire from competitive sport now she will play for the Olympics.,"If Alice takes up university degree now, she will get a prestigious Commonwealth scholarship.","If Alice plays in the Olympics, she win at least a bronze.",Modal on different QUD,Modal on different QUD,They filled the gap created by Alice's retirement last month from their junior ranks.,I wonder if they can fill the gap created by Alice's retirement last month from their junior ranks. It may be hard.,How certain are you that Alice will win the prestigious Commonwealth scholarship?,How certain are you that Alice will win at least a bronze at the Olympics?,,,Certain,Certainly not,Certain,Certainly not,,
,,,,,,,,,,,,,,,,,,
1,"If Jane takes the job in Brussels then her partner, Jack, will leave his job.","If Jane takes the job in London, her partner, Jack, will not leave his job.",If Jack leaves his job then they will not be able to buy a new house in London.,If Jack stays in his job they will buy a new house in London.,Modal on different QUD,Modal on different QUD,I believe Jane really likes her job in Brussels but I really wish they had paid her a little more though.,"Jane likes her job in Brussels, but it should have paid her more.",How certain are you that Jane will take the Job in Brussels?,How certain are you that Jane will take the Job in London?,,,Certain,Certainly not,Certain,Certainly not,,
2,"If Jane takes the job in Brussels then her partner, Jack, will leave his job.","If Jane takes the job in London, her partner, Jack, will not leave his job.",If Jack leaves his job then they will not be able to buy a new house in London.,If Jack stays in his job they will buy a new house in London.,Modal on different QUD,Modal on different QUD,"Jane likes her job in Brussels, but it should have paid her more.",I believe Jane really likes her job in Brussels but I really wish they had paid her a little more though.,How certain are you that Jane will take the Job in Brussels?,How certain are you that Jane will take the Job in London?,,,Certain,Certainly not,Certain,Certainly not,,
3,"If Jane takes the job in Brussels then her partner, Jack, will leave his job.","If Jane takes the job in London, her partner, Jack, will not leave his job.",If Jack leaves his job then they will not be able to buy a new house in London.,If Jack stays in his job they will buy a new house in London.,Modal on different QUD,Modal on different QUD,I believe Jane really likes her job in Brussels but I really wish they had paid her a little more though.,"Jane likes her job in Brussels, but it should have paid her more.",How certain are you that Jack will leave his job?,How certain are you that Jack will keep his Job?,,,Certain,Certainly not,Certain,Certainly not,,
4,"If Jane takes the job in Brussels then her partner, Jack, will leave his job.","If Jane takes the job in London, her partner, Jack, will not leave his job.",If Jack leaves his job then they will not be able to buy a new house in London.,If Jack stays in his job they will buy a new house in London.,Modal on different QUD,Modal on different QUD,"Jane likes her job in Brussels, but it should have paid her more.",I believe Jane really likes her job in Brussels but I really wish they had paid her a little more though.,How certain are you that Jack will leave his job?,How certain are you that Jack will keep his Job?,,,Certain,Certainly not,Certain,Certainly not,,
5,"If Jane takes the job in Brussels then her partner, Jack, will leave his job.","If Jane takes the job in London, her partner, Jack, will not leave his job.",If Jack leaves his job then they will not be able to buy a new house in London.,If Jack stays in his job they will buy a new house in London.,Modal on different QUD,Modal on different QUD,I believe Jane really likes her job in Brussels but I really wish they had paid her a little more though.,"Jane likes her job in Brussels, but it should have paid her more.",How certain are you that Jack and Jane will not buy a new house in London?,How certain are you that Jack and Jane will buy a house in London?,,,Certain,Certainly not,Certain,Certainly not,,
6,"If Jane takes the job in Brussels then her partner, Jack, will leave his job.","If Jane takes the job in London, her partner, Jack, will not leave his job.",If Jack leaves his job then they will not be able to buy a new house in London.,If Jack stays in his job they will buy a new house in London.,Modal on different QUD,Modal on different QUD,"Jane likes her job in Brussels, but it should have paid her more.",I believe Jane really likes her job in Brussels but I really wish they had paid her a little more though.,How certain are you that Jack and Jane will not buy a new house in London?,How certain are you that Jack and Jane will buy a house in London?,,,Certain,Certainly not,Certain,Certainly not,,
,,,,,,,,,,,,,,,,,,
1,If at least 15 people sign up today the fresher’s event will be held.,"If less than 15 people sign up today, the fresher’s event will postponed.","If the fresher’s event is held, Mark will open the college bar.",If the fresher’s event is postponed the college bar will remain shut.,Modal on different QUD,Modal on different QUD,The 25 people that signed up seem to be all the president's friends. That is funny it does look like he has a large network.,The 25 people that signed up are president's friends.,How certain are you that at least 15 people signed up for today’s fresher event?,How certain are you that less than 15 people signed up for today’s fresher event?,,,Certain,Certainly not,Certain,Certainly not,,
2,If at least 15 people sign up today the fresher’s event will be held.,"If less than 15 people sign up today, the fresher’s event will postponed.","If the fresher’s event is held, Mark will open the college bar.",If the fresher’s event is postponed the college bar will remain shut.,Modal on different QUD,Modal on different QUD,The 25 people that signed up are president's friends.,The 25 people that signed up seem to be all the president's friends. That is funny it does look like he has a large network.,How certain are you that at least 15 people signed up for today’s fresher event?,How certain are you that less than 15 people signed up for today’s fresher event?,,,Certain,Certainly not,Certain,Certainly not,,
3,If at least 15 people sign up today the fresher’s event will be held.,"If less than 15 people sign up today, the fresher’s event will postponed.","If the fresher’s event is held, Mark will open the college bar.",If the fresher’s event is postponed the college bar will remain shut.,Modal on different QUD,Modal on different QUD,The 25 people that signed up seem to be all the president's friends. That is funny it does look like he has a large network.,The 25 people that signed up are president's friends.,How certain are you that today’s fresher’s event will be held?,How certain are you that today’s fresher’s event will be postponed?,,,Certain,Certainly not,Certain,Certainly not,,
4,If at least 15 people sign up today the fresher’s event will be held.,"If less than 15 people sign up today, the fresher’s event will postponed.","If the fresher’s event is held, Mark will open the college bar.",If the fresher’s event is postponed the college bar will remain shut.,Modal on different QUD,Modal on different QUD,The 25 people that signed up are president's friends.,The 25 people that signed up seem to be all the president's friends. That is funny it does look like he has a large network.,How certain are you that today’s fresher’s event will be held?,How certain are you that today’s fresher’s event will be postponed?,,,Certain,Certainly not,Certain,Certainly not,,
5,If at least 15 people sign up today the fresher’s event will be held.,"If less than 15 people sign up today, the fresher’s event will postponed.","If the fresher’s event is held, Mark will open the college bar.",If the fresher’s event is postponed the college bar will remain shut.,Modal on different QUD,Modal on different QUD,The 25 people that signed up seem to be all the president's friends. That is funny it does look like he has a large network.,The 25 people that signed up are president's friends.,How certain are you that the college bar is open today?,How certain are you that the college bar will be kept shut today?,,,Certain,Certainly not,Certain,Certainly not,,
6,If at least 15 people sign up today the fresher’s event will be held.,"If less than 15 people sign up today, the fresher’s event will postponed.","If the fresher’s event is held, Mark will open the college bar.",If the fresher’s event is postponed the college bar will remain shut.,Modal on different QUD,Modal on different QUD,The 25 people that signed up are president's friends.,The 25 people that signed up seem to be all the president's friends. That is funny it does look like he has a large network.,How certain are you that the college bar is open today?,How certain are you that the college bar will be kept shut today?,,,Certain,Certainly not,Certain,Certainly not,,
,,,,,,,,,,,,,,,,,,
1,If Jill takes the beef out of the freezer to defrost she will cook it that night and not have kababs.,"If she Jill finds lamb kababs on sale at the store, she will cook that for dinner not defrost the beef.",If Jill has beef she will make aubergine for Sarah since Sarah doesn’t eat beef.,If Jill make lamb kababs then Sarah will eat them and Jill will not make aubergine.,Modal on different QUD,Modal on different QUD,Jill may have eaten the left over rice that she found when she took the beef out of the freezer.,Jill ate the left over rice that she found when she took the beef out of the freezer.,How certain are you that Jill took the beef out of the freezer to defrost?,How certain are you that Jill finds lamb kababs on sale at the store.,,,Certain,Certainly not,Certain,Certainly not,,
2,If Jill takes the beef out of the freezer to defrost she will cook it that night and not have kababs.,"If she Jill finds lamb kababs on sale at the store, she will cook that for dinner not defrost the beef.",If Jill has beef she will make aubergine for Sarah since Sarah doesn’t eat beef.,If Jill make lamb kababs then Sarah will eat them and Jill will not make aubergine.,Modal on different QUD,Modal on different QUD,Jill ate the left over rice that she found when she took the beef out of the freezer.,Jill may have eaten the left over rice that she found when she took the beef out of the freezer.,How certain are you that Jill took the beef out of the freezer to defrost?,How certain are you that Jill finds lamb kababs on sale at the store.,,,Certain,Certainly not,Certain,Certainly not,,
3,If Jill takes the beef out of the freezer to defrost she will cook it that night and not have kababs.,"If she Jill finds lamb kababs on sale at the store, she will cook that for dinner not defrost the beef.",If Jill has beef she will make aubergine for Sarah since Sarah doesn’t eat beef.,If Jill make lamb kababs then Sarah will eat them and Jill will not make aubergine.,Modal on different QUD,Modal on different QUD,Jill may have eaten the left over rice that she found when she took the beef out of the freezer.,Jill ate the left over rice that she found when she took the beef out of the freezer.,How certain are you that Jill made beef for dinner?,How certain are you that Jill made lamb kababs for dinner?,,,Certain,Certainly not,Certain,Certainly not,,
4,If Jill takes the beef out of the freezer to defrost she will cook it that night and not have kababs.,"If she Jill finds lamb kababs on sale at the store, she will cook that for dinner not defrost the beef.",If Jill has beef she will make aubergine for Sarah since Sarah doesn’t eat beef.,If Jill make lamb kababs then Sarah will eat them and Jill will not make aubergine.,Modal on different QUD,Modal on different QUD,Jill ate the left over rice that she found when she took the beef out of the freezer.,Jill may have eaten the left over rice that she found when she took the beef out of the freezer.,How certain are you that Jill made beef for dinner?,How certain are you that Jill made lamb kababs for dinner?,,,Certain,Certainly not,Certain,Certainly not,,
5,If Jill takes the beef out of the freezer to defrost she will cook it that night and not have kababs.,"If she Jill finds lamb kababs on sale at the store, she will cook that for dinner not defrost the beef.",If Jill has beef she will make aubergine for Sarah since Sarah doesn’t eat beef.,If Jill make lamb kababs then Sarah will eat them and Jill will not make aubergine.,Modal on different QUD,Modal on different QUD,Jill may have eaten the left over rice that she found when she took the beef out of the freezer.,Jill ate the left over rice that she found when she took the beef out of the freezer.,How certain are you that Jill made aubergine for Sarah?,How certain are you that Sarah had the lamb kababs?,,,Certain,Certainly not,Certain,Certainly not,,
6,If Jill takes the beef out of the freezer to defrost she will cook it that night and not have kababs.,"If she Jill finds lamb kababs on sale at the store, she will cook that for dinner not defrost the beef.",If Jill has beef she will make aubergine for Sarah since Sarah doesn’t eat beef.,If Jill make lamb kababs then Sarah will eat them and Jill will not make aubergine.,Modal on different QUD,Modal on different QUD,Jill ate the left over rice that she found when she took the beef out of the freezer.,Jill may have eaten the left over rice that she found when she took the beef out of the freezer.,How certain are you that Jill made aubergine for Sarah?,How certain are you that Sarah had the lamb kababs?,,,Certain,Certainly not,Certain,Certainly not,,
